{
    "instant_transmission": {
        "sounds": [
            "goku/instant_transmission"
        ],
        "category": "player"
    },
    "kamehameha_charge": {
        "sounds": [
            "goku/kamehameha_charge"
        ],
        "category": "player"
    },
    "kamehameha_fire": {
        "sounds": [
            "goku/kamehameha_fire"
        ],
        "category": "player"
    },
    "ssj_ambient": {
        "sounds": [
            "goku/ssj_ambient"
        ],
        "category": "player"
    },
    "ssj_transform": {
        "sounds": [
            "goku/ssj_transform"
        ],
        "category": "player"
    },
    "aura_disperse": {
        "sounds": [
            "goku/aura_disperse"
        ],
        "category": "player"
    }
}