{
    "instant.transmission": {
        "sounds": [
            "goku/instant_transmission"
        ],
        "category": "player"
    },
    "kamehameha.charge": {
        "sounds": [
            "goku/kamehameha_charge"
        ],
        "category": "player"
    },
    "kamehameha.fire": {
        "sounds": [
            "goku/kamehameha_fire"
        ],
        "category": "player"
    },
    "ssj.ambient": {
        "sounds": [
            "goku/ssj_ambient"
        ],
        "category": "player"
    },
    "ssj.transform": {
        "sounds": [
            "goku/ssj_transform"
        ],
        "category": "player"
    },
    "aura.disperse": {
        "sounds": [
            "goku/aura_disperse"
        ],
        "category": "player"
    },
    "kiblast": {
        "sounds": [
            "goku/kiblast"
        ],
        "category": "player"
    },
    "punch": {
        "sounds": [
            "goku/punch"
        ],
        "category": "player"
    },
    "jump": {
        "sounds": [
            "goku/jump"
        ],
        "category": "player"
    },
    "goku.charging": {
        "sounds": [
            "goku/goku_charging"
        ],
        "category": "player"
    },
    "goku.voice": {
        "sounds": [
            "goku/goku_voice"
        ],
        "category": "player"
    },
    "ssg.aura": {
        "sounds": [
            "goku/ssg_aura"
        ],
        "category": "player"
    },
    "ssg.ambient": {
        "sounds": [
            "goku/ssg_ambient"
        ],
        "category": "player"
    },
    "ui.aura": {
        "sounds": [
            "goku/ui_aura"
        ],
        "category": "player"
    },
    "ui.ambient": {
        "sounds": [
            "goku/ui_ambient"
        ],
        "category": "player"
    }
}