{
    "instant.transmission": {
        "sounds": [
            "goku/instant_transmission"
        ],
        "category": "player"
    },
    "kamehameha.charge": {
        "sounds": [
            "goku/kamehameha_charge"
        ],
        "category": "player"
    },
    "kamehameha.fire": {
        "sounds": [
            "goku/kamehameha_fire"
        ],
        "category": "player"
    },
    "ssj.ambient": {
        "sounds": [
            "goku/ssj_ambient"
        ],
        "category": "player"
    },
    "ssj.transform": {
        "sounds": [
            "goku/ssj_transform"
        ],
        "category": "player"
    },
    "aura.disperse": {
        "sounds": [
            "goku/aura_disperse"
        ],
        "category": "player"
    }
}